1,Perceval,Brokenbrow,pbrokenbrow0@bloomberg.com,Male,$4298.61
2,Sibley,Terne,sterne1@ft.com,Female,$8984.15
3,Priscella,Nornasell,pnornasell2@intel.com,Female,$2775.81
4,Carlyle,De Launde,cdelaunde3@tamu.edu,Male,$5670.45
5,Baryram,Shepcutt,bshepcutt4@umn.edu,Male,$3588.73
6,Pearline,O'Kennavain,pokennavain5@nifty.com,Female,$7287.04
7,Francklyn,Glandfield,fglandfield6@fastcompany.com,Male,$7300.84
8,Alix,Plackstone,aplackstone7@ed.gov,Male,$9285.78
9,Chane,Worstall,cworstall8@icq.com,Male,$2066.03
10,Cleon,felip,cfelip9@homestead.com,Male,$7978.32
11,Olenka,Baldacchi,obaldacchia@forbes.com,Female,$9320.61
12,Eileen,Kilsby,ekilsbyb@apple.com,Female,$9625.42
13,Kinnie,Mennithorp,kmennithorpc@typepad.com,Male,$4475.70
14,Lyn,Mapledoram,lmapledoramd@spotify.com,Female,$7142.35
15,Jillana,Arckoll,jarckolle@walmart.com,Female,$7922.16
16,Jourdan,Giddens,jgiddensf@aol.com,Female,$5792.63
17,Celia,Grote,cgroteg@t.co,Female,$5274.53
18,Itch,Stavers,istaversh@ftc.gov,Male,$8634.44
19,Jude,Ecles,jeclesi@canalblog.com,Male,$3380.87
20,Elspeth,Fluin,efluinj@netvibes.com,Female,$4081.08
21,Lorna,Boanas,lboanask@bravesites.com,Female,$4059.74
22,Anna-maria,Babbs,ababbsl@hostgator.com,Female,$6729.06
23,Korie,Alexsandrev,kalexsandrevm@ucoz.com,Female,$4717.48
24,Abelard,Lammiman,alammimann@issuu.com,Male,$9591.88
25,Nicol,Jonsson,njonssono@bloglovin.com,Male,$5421.14
26,Jasmina,Bonnette,jbonnettep@sphinn.com,Female,$7035.30
27,Myrtie,Limpenny,mlimpennyq@vk.com,Female,$2372.96
28,Jody,Grindley,jgrindleyr@uol.com.br,Female,$9032.54
29,Dene,Dodson,ddodsons@uiuc.edu,Male,$2280.29
30,Towny,Cecely,tcecelyt@tinyurl.com,Male,$2719.63
31,Enrichetta,Gullan,egullanu@netscape.com,Female,$7412.65
32,Dag,Billam,dbillamv@tamu.edu,Male,$9443.11
33,Orel,Screach,oscreachw@sourceforge.net,Female,$6901.00
34,Minette,le Keux,mlekeuxx@jigsy.com,Female,$9126.66
35,Benedetto,Ericsson,bericssony@stanford.edu,Male,$3412.31
36,Chelsey,Hurl,churlz@virginia.edu,Female,$7401.53
37,Cordey,Wistance,cwistance10@elpais.com,Female,$9492.96
38,Durand,Birdwhistell,dbirdwhistell11@fotki.com,Male,$3736.30
39,Annabelle,Atwill,aatwill12@uol.com.br,Female,$4478.81
40,Connie,Impey,cimpey13@phoca.cz,Female,$2814.40
41,Michelle,Tolwood,mtolwood14@spiegel.de,Female,$4949.65
42,Ursala,Ellingham,uellingham15@cam.ac.uk,Female,$8907.87
43,Dudley,Stiffkins,dstiffkins16@xrea.com,Male,$8540.25
44,Lizzie,Cersey,lcersey17@amazon.com,Female,$9182.32
45,Isidor,Eastmond,ieastmond18@hud.gov,Male,$3987.18
46,Alejoa,Skoyles,askoyles19@soup.io,Male,$7469.02
47,Madelon,Gullifant,mgullifant1a@japanpost.jp,Female,$5655.10
48,Brena,Almon,balmon1b@cargocollective.com,Female,$4921.20
49,Keven,Beardall,kbeardall1c@timesonline.co.uk,Male,$6668.03
50,Vivyanne,Maccaig,vmaccaig1d@uol.com.br,Female,$6956.60
51,Noami,Perrycost,nperrycost1e@answers.com,Female,$7997.01
52,Morse,Harvison,mharvison1f@i2i.jp,Male,$6694.09
53,Jerald,Chavey,jchavey1g@tamu.edu,Male,$8885.79
54,Westley,Tiptaft,wtiptaft1h@geocities.com,Male,$1152.54
55,Marnia,Strotone,mstrotone1i@accuweather.com,Female,$4963.55
56,Wendye,Codlin,wcodlin1j@sitemeter.com,Female,$7801.12
57,Kingsly,Antonelli,kantonelli1k@upenn.edu,Male,$6130.00
58,Durward,Bathowe,dbathowe1l@wufoo.com,Male,$1075.49
59,Silvain,Millsom,smillsom1m@nba.com,Male,$9747.32
60,Chalmers,Oris,coris1n@instagram.com,Male,$6034.26
61,Tedda,Norridge,tnorridge1o@ebay.com,Female,$7081.20
62,Jewel,Allum,jallum1p@usatoday.com,Female,$1014.38
63,Clim,Breeton,cbreeton1q@forbes.com,Male,$9267.87
64,Nicoline,Garbutt,ngarbutt1r@tumblr.com,Female,$6470.98
65,Shaylah,Kibel,skibel1s@unblog.fr,Female,$9896.88
66,Keslie,Kleeman,kkleeman1t@wikispaces.com,Female,$6606.47
67,Willi,Simoneton,wsimoneton1u@shop-pro.jp,Male,$7106.31
68,Hirsch,Deny,hdeny1v@whitehouse.gov,Male,$7663.31
69,Levy,Fellini,lfellini1w@issuu.com,Male,$2724.38
70,Odette,Yuryshev,oyuryshev1x@cocolog-nifty.com,Female,$4291.30
71,Brok,Fearenside,bfearenside1y@cloudflare.com,Male,$1501.65
72,Coleman,Helstrom,chelstrom1z@dailymotion.com,Male,$1314.21
73,Ernestine,Heritege,eheritege20@163.com,Female,$2822.59
74,Marinna,Beagin,mbeagin21@elpais.com,Female,$4217.30
75,Marita,Membry,mmembry22@dedecms.com,Female,$6809.44
76,Griswold,O'Cuddie,gocuddie23@people.com.cn,Male,$8051.43
77,Christy,Jeffes,cjeffes24@cam.ac.uk,Female,$3355.88
78,Helenelizabeth,Swan,hswan25@geocities.jp,Female,$7827.98
79,Page,Daviot,pdaviot26@vkontakte.ru,Female,$8650.09
80,Elladine,Ysson,eysson27@nps.gov,Female,$8367.63
81,Dael,Bowdler,dbowdler28@cisco.com,Male,$6989.69
82,Remus,Ahearne,rahearne29@ehow.com,Male,$9697.84
83,Nataniel,Longstreet,nlongstreet2a@mozilla.com,Male,$4913.47
84,Adolphus,Haggath,ahaggath2b@ca.gov,Male,$5642.41
85,Jessee,Gaylard,jgaylard2c@alexa.com,Male,$9279.39
86,Tanney,Cuppitt,tcuppitt2d@lycos.com,Male,$6866.16
87,Artie,Bassill,abassill2e@kickstarter.com,Male,$7523.80
88,Sayre,Hunt,shunt2f@rakuten.co.jp,Female,$2124.87
89,Anthony,Shemelt,ashemelt2g@furl.net,Male,$4320.51
90,Aguste,Doale,adoale2h@pen.io,Male,$9600.51
91,Ignace,Minero,iminero2i@ebay.co.uk,Male,$4161.54
92,Teodoro,Bonson,tbonson2j@goodreads.com,Male,$1923.21
93,Sasha,Toolan,stoolan2k@usnews.com,Female,$5570.79
94,Loutitia,Emes,lemes2l@netlog.com,Female,$1647.09
95,Evvy,Hackford,ehackford2m@blogs.com,Female,$6963.47
96,Ruby,Kinnane,rkinnane2n@linkedin.com,Female,$6938.39
97,Lion,Simm,lsimm2o@devhub.com,Male,$7002.12
98,Garv,McTurk,gmcturk2p@google.fr,Male,$9236.29
99,Eolanda,Gibbin,egibbin2q@sakura.ne.jp,Female,$2560.11
100,Jess,Witchard,jwitchard2r@facebook.com,Male,$9002.40
101,Shell,Tatlow,statlow2s@myspace.com,Male,$2262.30
102,Dorian,Tompkiss,dtompkiss2t@cnn.com,Male,$8235.54
103,Henriette,Kincade,hkincade2u@sfgate.com,Female,$4551.35
104,Lennard,Beckingham,lbeckingham2v@spotify.com,Male,$7071.79
105,Adoree,Bamfield,abamfield2w@symantec.com,Female,$6178.18
106,Manolo,Slimon,mslimon2x@phpbb.com,Male,$5607.63
107,Gal,Dowbakin,gdowbakin2y@skyrock.com,Male,$3090.81
108,Anabal,McFayden,amcfayden2z@apple.com,Female,$5751.16
109,Claudine,Dollin,cdollin30@typepad.com,Female,$8223.13
110,Garrot,Stirton,gstirton31@sfgate.com,Male,$8448.52
111,Gonzales,Valerio,gvalerio32@sfgate.com,Male,$1306.28
112,Eula,Odlin,eodlin33@shutterfly.com,Female,$4641.93
113,Evan,Noke,enoke34@technorati.com,Male,$4810.30
114,Joanne,Blanket,jblanket35@usa.gov,Female,$7778.27
115,Trenton,Liccardo,tliccardo36@hhs.gov,Male,$7308.21
116,Electra,Maccrea,emaccrea37@cafepress.com,Female,$5409.26
117,Mollee,Kilgrove,mkilgrove38@ft.com,Female,$6764.12
118,Malina,Malley,mmalley39@123-reg.co.uk,Female,$4580.36
119,Ilario,Kenna,ikenna3a@nydailynews.com,Male,$4357.61
120,Elyse,Jeandeau,ejeandeau3b@cocolog-nifty.com,Female,$2470.88
121,Carolyn,Saundercock,csaundercock3c@cbsnews.com,Female,$4504.57
122,Emmott,Briance,ebriance3d@dagondesign.com,Male,$1879.83
123,Allister,Mullin,amullin3e@yolasite.com,Male,$1940.52
124,Evie,Hedgeman,ehedgeman3f@comsenz.com,Female,$7465.81
125,Abba,Mounfield,amounfield3g@bluehost.com,Male,$7660.94
126,Melany,Arundel,marundel3h@aboutads.info,Female,$3222.53
127,Kanya,Chase,kchase3i@mlb.com,Female,$5028.36
128,Ellswerth,Arnley,earnley3j@pbs.org,Male,$4749.98
129,Joe,Oldroyde,joldroyde3k@photobucket.com,Male,$7599.41
130,Wileen,O'Hartnett,wohartnett3l@technorati.com,Female,$7032.31
131,Irena,Joutapavicius,ijoutapavicius3m@themeforest.net,Female,$9069.51
132,Cynthie,Odeson,codeson3n@privacy.gov.au,Female,$5632.36
133,Deidre,Standall,dstandall3o@state.gov,Female,$6198.27
134,Redford,Fallen,rfallen3p@bloglovin.com,Male,$4223.42
135,Stavro,Di Biasio,sdibiasio3q@wikia.com,Male,$9453.85
136,Tye,Ravenscroft,travenscroft3r@ibm.com,Male,$9558.23
137,Darsie,Cutten,dcutten3s@acquirethisname.com,Female,$7710.67
138,Katinka,Demogeot,kdemogeot3t@msu.edu,Female,$4547.58
139,Dell,Shillam,dshillam3u@slate.com,Male,$3792.44
140,Babbie,Rumke,brumke3v@ucla.edu,Female,$6458.00
141,Sharleen,Duthie,sduthie3w@miibeian.gov.cn,Female,$3884.95
142,Bryon,Marusic,bmarusic3x@pbs.org,Male,$2475.24
143,Peria,Petriello,ppetriello3y@pagesperso-orange.fr,Female,$5490.02
144,Ignace,Wyse,iwyse3z@timesonline.co.uk,Male,$3341.84
145,Dimitri,Pudan,dpudan40@altervista.org,Male,$9183.51
146,Gannie,Mansion,gmansion41@gnu.org,Male,$3764.92
147,Curr,Mulcaster,cmulcaster42@wordpress.org,Male,$6618.28
148,Leoine,Atte-Stone,lattestone43@geocities.jp,Female,$2566.02
149,Harlen,Petegrew,hpetegrew44@blogger.com,Male,$2037.64
150,Waldo,Martensen,wmartensen45@issuu.com,Male,$9366.42
151,Beauregard,Beetles,bbeetles46@zimbio.com,Male,$5927.65
152,Ethyl,Duffie,eduffie47@nps.gov,Female,$4207.84
153,Maighdiln,Bastiman,mbastiman48@cnn.com,Female,$9420.00
154,Virgil,Runnacles,vrunnacles49@quantcast.com,Male,$7091.10
155,Arther,Swyn,aswyn4a@webmd.com,Male,$2649.17
156,Gearard,Mc Trusty,gmctrusty4b@sohu.com,Male,$8118.17
157,Dosi,Sapena,dsapena4c@cnbc.com,Female,$6024.56
158,Jilli,Vasiljevic,jvasiljevic4d@indiatimes.com,Female,$2506.89
159,Melina,Dallewater,mdallewater4e@va.gov,Female,$7093.81
160,Andrei,Minot,aminot4f@pbs.org,Female,$5915.13
161,Mano,Sterley,msterley4g@ucsd.edu,Male,$4545.45
162,Gabriel,Docket,gdocket4h@issuu.com,Female,$9410.12
163,Emelita,Clubb,eclubb4i@answers.com,Female,$7210.56
164,Allister,Mazdon,amazdon4j@people.com.cn,Male,$3735.10
165,Kile,Smithson,ksmithson4k@narod.ru,Male,$1002.81
166,Pet,Stubbins,pstubbins4l@about.com,Female,$5956.36
167,Garwin,Simonetto,gsimonetto4m@si.edu,Male,$2573.91
168,Derwin,McGrowther,dmcgrowther4n@pen.io,Male,$8963.36
169,Jens,Bowlesworth,jbowlesworth4o@answers.com,Male,$7658.56
170,Howard,Glavis,hglavis4p@unesco.org,Male,$9543.44
171,Emmeline,Roscow,eroscow4q@angelfire.com,Female,$6306.14
172,Jarrad,Stollenberg,jstollenberg4r@bbb.org,Male,$7174.35
173,Culley,Ander,cander4s@woothemes.com,Male,$8951.86
174,Fleurette,Janz,fjanz4t@mashable.com,Female,$7068.26
175,Mirabella,Gaunt,mgaunt4u@merriam-webster.com,Female,$5252.24
176,Prissie,Maevela,pmaevela4v@mlb.com,Female,$9117.87
177,Hilliard,Varns,hvarns4w@last.fm,Male,$1412.81
178,Wallache,Fuchs,wfuchs4x@creativecommons.org,Male,$6561.07
179,Lexine,Gerhardt,lgerhardt4y@ucsd.edu,Female,$7571.09
180,Juanita,Faich,jfaich4z@cornell.edu,Female,$6345.94
181,Hieronymus,Mollindinia,hmollindinia50@msu.edu,Male,$7422.47
182,Jesus,Sollon,jsollon51@gnu.org,Male,$8345.54
183,Isis,Cordy,icordy52@hud.gov,Female,$4968.80
184,Gail,Ettels,gettels53@buzzfeed.com,Male,$4255.32
185,Hedy,Bretton,hbretton54@tamu.edu,Female,$8284.97
186,Wylma,Fraczkiewicz,wfraczkiewicz55@ifeng.com,Female,$8553.91
187,Valentin,Espadas,vespadas56@sohu.com,Male,$1878.78
188,Alli,Milsap,amilsap57@sina.com.cn,Female,$3512.14
189,Melany,Randal,mrandal58@google.com.au,Female,$5424.96
190,Davy,Deverson,ddeverson59@facebook.com,Male,$5805.40
191,Berty,Ivanishchev,bivanishchev5a@rediff.com,Female,$1189.89
192,Maribeth,Whitsey,mwhitsey5b@list-manage.com,Female,$7904.89
193,Addison,Abramof,aabramof5c@unblog.fr,Male,$8141.89
194,Harmonia,Colegrove,hcolegrove5d@canalblog.com,Female,$8769.39
195,Eldon,Koeppe,ekoeppe5e@google.co.jp,Male,$1509.15
196,Myra,Gonsalvo,mgonsalvo5f@mac.com,Female,$5827.24
197,Delila,Pieracci,dpieracci5g@studiopress.com,Female,$4635.03
198,Gideon,Whetland,gwhetland5h@bing.com,Male,$5573.59
199,Hobie,Bard,hbard5i@shareasale.com,Male,$1500.29
200,Davide,Jennemann,djennemann5j@uol.com.br,Male,$5217.78
201,Haroun,Reubbens,hreubbens5k@1und1.de,Male,$5972.36
202,Clair,Pavy,cpavy5l@creativecommons.org,Male,$9041.02
203,Nessi,Vautrey,nvautrey5m@cafepress.com,Female,$9597.57
204,Samuel,Legion,slegion5n@gnu.org,Male,$5014.57
205,Bell,Gabbitus,bgabbitus5o@state.gov,Female,$9195.34
206,Hanan,McAlpin,hmcalpin5p@soup.io,Male,$1084.53
207,Gorden,Turnbull,gturnbull5q@hostgator.com,Male,$3769.62
208,Derick,Brownsworth,dbrownsworth5r@liveinternet.ru,Male,$9386.50
209,Dyann,Krugmann,dkrugmann5s@miitbeian.gov.cn,Female,$8792.48
210,Neely,Wozencroft,nwozencroft5t@admin.ch,Female,$1244.03
211,Theressa,Bowlands,tbowlands5u@sogou.com,Female,$7322.77
212,Fabian,Dosedale,fdosedale5v@state.tx.us,Male,$5955.24
213,Mil,Sawney,msawney5w@51.la,Female,$2762.92
214,Pedro,Lineker,plineker5x@de.vu,Male,$8790.35
215,Cleavland,Gauden,cgauden5y@github.io,Male,$8407.71
216,Anabel,Fasset,afasset5z@slate.com,Female,$4209.57
217,Cory,Langlois,clanglois60@ed.gov,Female,$4973.15
218,Leupold,Rosenfrucht,lrosenfrucht61@wix.com,Male,$3686.74
219,Cherrita,Harriman,charriman62@dagondesign.com,Female,$5890.28
220,Ninon,Ketteringham,nketteringham63@paginegialle.it,Female,$2301.12
221,Carver,Akess,cakess64@dedecms.com,Male,$9934.61
222,Yetty,Eslie,yeslie65@thetimes.co.uk,Female,$3427.83
223,Bobbe,Leheude,bleheude66@blinklist.com,Female,$2473.50
224,Fitzgerald,McClarence,fmcclarence67@yellowbook.com,Male,$6760.35
225,Chevalier,Lower,clower68@hexun.com,Male,$3878.50
226,Ursa,Niblo,uniblo69@t.co,Female,$8041.01
227,Levon,Colthurst,lcolthurst6a@springer.com,Male,$3190.34
228,Kalvin,Origan,korigan6b@github.io,Male,$8496.30
229,Keary,Torricina,ktorricina6c@icio.us,Male,$3245.60
230,Wilden,Juckes,wjuckes6d@homestead.com,Male,$1245.24
231,Shay,Hardiman,shardiman6e@cnn.com,Male,$6229.83
232,Shelby,Leadstone,sleadstone6f@fda.gov,Female,$2019.73
233,Marga,Heyworth,mheyworth6g@ocn.ne.jp,Female,$3435.75
234,Sapphira,Shemming,sshemming6h@people.com.cn,Female,$4581.67
235,Bobbette,Burburough,bburburough6i@nbcnews.com,Female,$8020.86
236,Abbie,Barles,abarles6j@barnesandnoble.com,Female,$6519.79
237,Carlynn,Launchbury,claunchbury6k@blog.com,Female,$4961.46
238,Akim,Guisler,aguisler6l@spotify.com,Male,$3637.59
239,Annalee,Gueste,agueste6m@diigo.com,Female,$1195.91
240,Dara,Brittoner,dbrittoner6n@archive.org,Female,$9073.68
241,Shaylynn,Hessle,shessle6o@a8.net,Female,$3677.60
242,Lesley,Kurt,lkurt6p@jimdo.com,Male,$4561.94
243,Costa,McCrorie,cmccrorie6q@4shared.com,Male,$1815.53
244,Polly,Lukasen,plukasen6r@cnn.com,Female,$8641.02
245,Darda,Alvarado,dalvarado6s@tmall.com,Female,$4018.16
246,Sharlene,Dunwoody,sdunwoody6t@google.co.uk,Female,$2112.15
247,Donaugh,Crain,dcrain6u@slashdot.org,Male,$5612.14
248,Waverly,Sommerscales,wsommerscales6v@answers.com,Male,$6860.27
249,Lettie,Boykett,lboykett6w@smh.com.au,Female,$3155.39
250,Kearney,Jarrell,kjarrell6x@gizmodo.com,Male,$6403.14
251,Kaja,Norway,knorway6y@businessweek.com,Female,$5689.09
252,Elyse,Babbidge,ebabbidge6z@addthis.com,Female,$7066.02
253,Pascal,Brundale,pbrundale70@ning.com,Male,$2389.16
254,Abeu,Stait,astait71@sakura.ne.jp,Male,$8056.76
255,Riannon,O'Curran,rocurran72@unesco.org,Female,$9428.92
256,Ninetta,Scantleberry,nscantleberry73@lycos.com,Female,$4529.43
257,Damien,Beckinsale,dbeckinsale74@yandex.ru,Male,$5293.29
258,Daron,Kelby,dkelby75@soundcloud.com,Female,$9724.44
259,Reinhold,Dulieu,rdulieu76@php.net,Male,$3990.84
260,Noella,Beazleigh,nbeazleigh77@whitehouse.gov,Female,$7847.96
261,Welch,Perago,wperago78@joomla.org,Male,$3983.07
262,Damian,Kunisch,dkunisch79@photobucket.com,Male,$9396.96
263,Antone,Cranke,acranke7a@cam.ac.uk,Male,$2663.49
264,Thaine,Laugheran,tlaugheran7b@infoseek.co.jp,Male,$9731.92
265,Gray,Alvey,galvey7c@harvard.edu,Male,$4782.93
266,Terrance,Usmar,tusmar7d@jigsy.com,Male,$5898.65
267,Rebe,Cowing,rcowing7e@wsj.com,Female,$9820.71
268,Consuela,Dawdry,cdawdry7f@webeden.co.uk,Female,$5929.73
269,Germana,Bargh,gbargh7g@soundcloud.com,Female,$8364.41
270,Loren,Vials,lvials7h@icio.us,Female,$1732.03
271,Jacinda,Targett,jtargett7i@hostgator.com,Female,$2679.10
272,Julius,Workes,jworkes7j@loc.gov,Male,$6657.77
273,Vannie,Stollenwerck,vstollenwerck7k@discuz.net,Female,$1766.59
274,Rustin,Cleeves,rcleeves7l@ycombinator.com,Male,$3955.07
275,Betti,Bickerdicke,bbickerdicke7m@webs.com,Female,$7744.31
276,Andre,Broddle,abroddle7n@blogger.com,Male,$4921.54
277,Hercules,Smythe,hsmythe7o@sohu.com,Male,$2297.41
278,Cecile,Beltzner,cbeltzner7p@yandex.ru,Female,$9170.07
279,Binni,Garrit,bgarrit7q@baidu.com,Female,$4263.70
280,Eliza,Cyster,ecyster7r@liveinternet.ru,Female,$3089.76
281,Sterne,Mordacai,smordacai7s@addtoany.com,Male,$6667.85
282,Aleksandr,O'Clery,aoclery7t@w3.org,Male,$5850.34
283,Nahum,D'Adda,ndadda7u@pcworld.com,Male,$6228.34
284,Antonella,Grishkov,agrishkov7v@ovh.net,Female,$1190.97
285,Tedmund,McWaters,tmcwaters7w@gizmodo.com,Male,$7782.54
286,Patten,Bolt,pbolt7x@i2i.jp,Male,$3167.66
287,Halette,Hardcastle,hhardcastle7y@google.com,Female,$7452.71
288,Ainslie,Ebdon,aebdon7z@hud.gov,Female,$9560.57
289,Moses,Cardew,mcardew80@gmpg.org,Male,$8273.81
290,Brok,McPheat,bmcpheat81@list-manage.com,Male,$5702.98
291,Flori,Males,fmales82@sphinn.com,Female,$2118.86
292,Bartlet,Padden,bpadden83@edublogs.org,Male,$4132.51
293,Kaylil,Beardow,kbeardow84@marriott.com,Female,$4047.17
294,Madlin,Bowra,mbowra85@nih.gov,Female,$7135.38
295,Davida,Godfroy,dgodfroy86@sciencedirect.com,Female,$2229.72
296,Doll,Starr,dstarr87@scribd.com,Female,$4588.47
297,Bret,Curnok,bcurnok88@arizona.edu,Male,$3595.38
298,Tatiana,Havers,thavers89@163.com,Female,$2044.17
299,Martguerita,Kendrew,mkendrew8a@disqus.com,Female,$9773.21
300,Ricki,Barme,rbarme8b@4shared.com,Female,$9264.14
301,John,Filippo,jfilippo8c@unc.edu,Male,$7240.29
302,Sonnie,Channon,schannon8d@hubpages.com,Male,$2308.79
303,Osbert,Duke,oduke8e@godaddy.com,Male,$7819.71
304,Forbes,Rao,frao8f@youku.com,Male,$6463.91
305,Solomon,Negro,snegro8g@amazon.co.uk,Male,$6319.46
306,Rubi,Attkins,rattkins8h@utexas.edu,Female,$1354.90
307,Brewster,Chimienti,bchimienti8i@theglobeandmail.com,Male,$4771.06
308,Muhammad,Fullilove,mfullilove8j@opensource.org,Male,$9695.41
309,Mervin,Hofler,mhofler8k@eepurl.com,Male,$1183.99
310,Frazer,Weatherhogg,fweatherhogg8l@scribd.com,Male,$7625.09
311,Cecilio,Kingsbury,ckingsbury8m@cocolog-nifty.com,Male,$1523.53
312,Alma,Caroline,acaroline8n@google.com,Female,$4324.58
313,Kenneth,Hattigan,khattigan8o@nsw.gov.au,Male,$3890.34
314,Janella,Smellie,jsmellie8p@reverbnation.com,Female,$2652.12
315,Helenka,Short,hshort8q@chronoengine.com,Female,$8860.81
316,Jennine,Alcalde,jalcalde8r@guardian.co.uk,Female,$1886.88
317,Sheena,Cardnell,scardnell8s@parallels.com,Female,$3724.12
318,Mose,Shobbrook,mshobbrook8t@spiegel.de,Male,$8171.54
319,Skylar,Portriss,sportriss8u@canalblog.com,Male,$3806.13
320,Marc,Goodall,mgoodall8v@sina.com.cn,Male,$8860.84
321,Durand,Peevor,dpeevor8w@technorati.com,Male,$5430.62
322,Greer,Sowte,gsowte8x@1688.com,Female,$9585.48
323,Stevy,Bridgwood,sbridgwood8y@chronoengine.com,Male,$5288.63
324,Farr,Di Pietro,fdipietro8z@yandex.ru,Male,$2496.54
325,Joaquin,Doe,jdoe90@xing.com,Male,$4867.71
326,Viviene,Grigoli,vgrigoli91@kickstarter.com,Female,$5175.76
327,Pietro,Correa,pcorrea92@about.com,Male,$6668.09
328,Elvira,Lawleff,elawleff93@bandcamp.com,Female,$1228.51
329,Chase,Ballay,cballay94@ed.gov,Male,$8865.34
330,Tristam,Groundwator,tgroundwator95@economist.com,Male,$3161.18
331,Kynthia,Lowles,klowles96@barnesandnoble.com,Female,$3573.79
332,Mordy,Whimper,mwhimper97@nature.com,Male,$5173.17
333,Eula,Hucker,ehucker98@dyndns.org,Female,$7287.76
334,Abner,Windows,awindows99@homestead.com,Male,$5887.40
335,Wilfrid,Dimberline,wdimberline9a@biglobe.ne.jp,Male,$5285.43
336,Durand,Bayman,dbayman9b@cpanel.net,Male,$6117.13
337,Ignacius,Piecha,ipiecha9c@slashdot.org,Male,$6962.88
338,Guido,Benedicte,gbenedicte9d@house.gov,Male,$5624.56
339,Archibald,Loughrey,aloughrey9e@meetup.com,Male,$8199.45
340,Will,Sutehall,wsutehall9f@shop-pro.jp,Male,$2620.69
341,Holly-anne,Rowter,hrowter9g@lycos.com,Female,$5692.38
342,Hervey,Josselsohn,hjosselsohn9h@time.com,Male,$5689.79
343,Ganny,Mabbe,gmabbe9i@japanpost.jp,Male,$8389.08
344,Meris,Cumberpatch,mcumberpatch9j@ihg.com,Female,$8803.50
345,Heriberto,Bedson,hbedson9k@tripod.com,Male,$9176.05
346,Charmane,De Mattei,cdemattei9l@seesaa.net,Female,$7934.28
347,Grant,Covotti,gcovotti9m@macromedia.com,Male,$1045.37
348,Hugues,McKomb,hmckomb9n@bandcamp.com,Male,$7704.17
349,Launce,Cristofari,lcristofari9o@infoseek.co.jp,Male,$8958.18
350,Jo ann,Choke,jchoke9p@geocities.jp,Female,$3182.95
351,Davine,Shine,dshine9q@latimes.com,Female,$4126.05
352,Tammi,Corteney,tcorteney9r@cdbaby.com,Female,$7147.77
353,Broddie,Couch,bcouch9s@amazon.de,Male,$8411.87
354,Adair,Onion,aonion9t@php.net,Male,$4788.78
355,Binky,Bridgewood,bbridgewood9u@dyndns.org,Male,$1271.33
356,Carlota,Rummer,crummer9v@squidoo.com,Female,$7938.85
357,Brittaney,Ripping,bripping9w@ucla.edu,Female,$7704.46
358,Ferdinand,Drinnan,fdrinnan9x@craigslist.org,Male,$8452.39
359,Ludvig,Vautin,lvautin9y@soundcloud.com,Male,$2705.70
360,Giordano,Prophet,gprophet9z@purevolume.com,Male,$5314.95
361,Bil,Skoate,bskoatea0@archive.org,Male,$3996.07
362,Roze,Aizikov,raizikova1@mozilla.com,Female,$5555.89
363,Xerxes,Liles,xlilesa2@webnode.com,Male,$3951.91
364,Emalee,Dudmesh,edudmesha3@walmart.com,Female,$1175.41
365,Electra,Borsnall,eborsnalla4@theglobeandmail.com,Female,$5362.75
366,Roi,Thackham,rthackhama5@edublogs.org,Male,$3333.42
367,Hobie,Simkins,hsimkinsa6@buzzfeed.com,Male,$8894.50
368,Osbourne,Figurski,ofigurskia7@livejournal.com,Male,$3433.53
369,Harriot,Pinner,hpinnera8@msn.com,Female,$8883.31
370,Chaddie,Fuxman,cfuxmana9@hugedomains.com,Male,$5873.35
371,Sanderson,Sarra,ssarraaa@squidoo.com,Male,$7912.29
372,Andria,Vyvyan,avyvyanab@theguardian.com,Female,$8769.34
373,Frank,Evesque,fevesqueac@4shared.com,Male,$9739.63
374,Langsdon,Rablan,lrablanad@bizjournals.com,Male,$1326.22
375,Berny,Wesker,bweskerae@tinyurl.com,Male,$4625.16
376,Isiahi,Loakes,iloakesaf@theglobeandmail.com,Male,$1919.35
377,Colver,Ellacott,cellacottag@ucsd.edu,Male,$6321.91
378,Siward,O'Lyhane,solyhaneah@google.nl,Male,$9975.98
379,Chicky,Blackwood,cblackwoodai@myspace.com,Male,$5251.82
380,Fanni,McCrory,fmccroryaj@google.ca,Female,$6788.62
381,Kimberly,Priddis,kpriddisak@vinaora.com,Female,$1619.99
382,Nikki,Belliard,nbelliardal@cmu.edu,Male,$9010.45
383,Fletch,Normabell,fnormabellam@infoseek.co.jp,Male,$1553.81
384,Keen,Lemmon,klemmonan@yandex.ru,Male,$6208.26
385,Toni,Nunns,tnunnsao@shop-pro.jp,Female,$2221.18
386,Regen,Haydn,rhaydnap@51.la,Male,$3734.57
387,Baron,Jennings,bjenningsaq@spotify.com,Male,$3833.87
388,Cordy,Windybank,cwindybankar@ft.com,Female,$5307.34
389,Addy,Reuter,areuteras@telegraph.co.uk,Male,$4851.91
390,Toddy,Vasilchenko,tvasilchenkoat@fc2.com,Male,$2254.88
391,Robb,Castello,rcastelloau@weather.com,Male,$7081.85
392,Flory,Mart,fmartav@studiopress.com,Male,$8552.65
393,Vinnie,Febre,vfebreaw@php.net,Male,$9594.34
394,Dee,Stanlock,dstanlockax@odnoklassniki.ru,Female,$5537.31
395,Giulia,Lanahan,glanahanay@tumblr.com,Female,$1744.11
396,Linnell,Keesman,lkeesmanaz@angelfire.com,Female,$5114.97
397,Ilyse,Lelievre,ilelievreb0@xrea.com,Female,$3355.81
398,Allie,Heugh,aheughb1@disqus.com,Male,$9684.97
399,Vaughan,Aldcorn,valdcornb2@prnewswire.com,Male,$4104.18
400,Vance,Greenly,vgreenlyb3@github.io,Male,$1676.64
401,Norry,Smy,nsmyb4@omniture.com,Female,$5772.02
402,Colene,Patterson,cpattersonb5@ycombinator.com,Female,$5950.44
403,Ferd,Cockshoot,fcockshootb6@state.gov,Male,$9081.17
404,Hogan,Nazer,hnazerb7@eventbrite.com,Male,$5699.20
405,Audi,Mackro,amackrob8@de.vu,Female,$1830.78
406,Adriano,Dufty,aduftyb9@opensource.org,Male,$9342.31
407,Heath,Mangam,hmangamba@github.io,Male,$7624.03
408,Dulcinea,Hughes,dhughesbb@weibo.com,Female,$7636.04
409,Mill,Whiff,mwhiffbc@ocn.ne.jp,Male,$5251.38
410,Kiley,Sprason,ksprasonbd@pen.io,Male,$5908.15
411,Evita,Gliddon,egliddonbe@1und1.de,Female,$4100.05
412,Wynne,Farrey,wfarreybf@china.com.cn,Female,$4487.91
413,Gaspard,Carrivick,gcarrivickbg@hatena.ne.jp,Male,$2114.44
414,Denys,Dufore,dduforebh@tripadvisor.com,Male,$9540.91
415,Quintilla,Desson,qdessonbi@w3.org,Female,$4591.73
416,Nataline,De Brett,ndebrettbj@tripadvisor.com,Female,$8020.60
417,Bennie,Olyfant,bolyfantbk@ebay.co.uk,Male,$6424.80
418,Sylvia,Pringle,springlebl@vistaprint.com,Female,$7627.56
419,Witty,Spikings,wspikingsbm@intel.com,Male,$2651.27
420,Kitty,Berard,kberardbn@twitpic.com,Female,$2484.67
421,Mychal,Gay,mgaybo@addthis.com,Male,$7580.34
422,Margy,Cardenoso,mcardenosobp@thetimes.co.uk,Female,$7840.47
423,Chickie,Atley,catleybq@thetimes.co.uk,Female,$2297.64
424,Happy,Leward,hlewardbr@so-net.ne.jp,Female,$2009.63
425,Kira,Kettridge,kkettridgebs@cnbc.com,Female,$6766.26
426,Calla,Dodswell,cdodswellbt@icio.us,Female,$7722.98
427,Karol,Kinnerley,kkinnerleybu@drupal.org,Female,$9941.43
428,Dugald,Englefield,denglefieldbv@yellowbook.com,Male,$2545.45
429,Renato,Joddens,rjoddensbw@sourceforge.net,Male,$2396.33
430,Rawley,Dikels,rdikelsbx@cdc.gov,Male,$7259.24
431,Rycca,Exon,rexonby@comsenz.com,Female,$2457.82
432,Kane,Queree,kquereebz@paginegialle.it,Male,$8209.39
433,Stuart,Castard,scastardc0@hatena.ne.jp,Male,$2331.56
434,Vallie,Gorick,vgorickc1@blinklist.com,Female,$9673.78
435,Stephani,Pitts,spittsc2@hao123.com,Female,$6808.19
436,Perren,Ruperti,prupertic3@netscape.com,Male,$7949.83
437,Odilia,Timson,otimsonc4@angelfire.com,Female,$3621.90
438,Lorianna,Gapper,lgapperc5@state.gov,Female,$4673.50
439,Marcelia,Brewett,mbrewettc6@usnews.com,Female,$4199.19
440,Brandais,Brouncker,bbrounckerc7@biblegateway.com,Female,$6323.36
441,Karie,Widdup,kwiddupc8@unc.edu,Female,$5853.30
442,Byran,Francklyn,bfrancklync9@boston.com,Male,$7460.97
443,Hartley,Claiden,hclaidenca@xing.com,Male,$1017.50
444,Miguelita,Kemmons,mkemmonscb@goo.ne.jp,Female,$1393.36
445,Gena,Prickett,gprickettcc@tripod.com,Female,$3673.78
446,Marsh,Dolan,mdolancd@nifty.com,Male,$5466.60
447,Alysia,De Castri,adecastrice@surveymonkey.com,Female,$2776.58
448,Conney,Gloves,cglovescf@taobao.com,Male,$2188.18
449,Pandora,Franz,pfranzcg@delicious.com,Female,$9007.44
450,Lyon,Ankers,lankersch@comsenz.com,Male,$5129.19
451,Christi,Shelvey,cshelveyci@statcounter.com,Female,$7405.95
452,Ketty,Stansbury,kstansburycj@php.net,Female,$8907.93
453,Normie,St Angel,nstangelck@chronoengine.com,Male,$6532.13
454,Webster,Allans,wallanscl@mapquest.com,Male,$7653.01
455,Datha,Folks,dfolkscm@free.fr,Female,$5301.90
456,Sax,Bills,sbillscn@tuttocitta.it,Male,$8528.82
457,Horace,Friman,hfrimanco@pbs.org,Male,$9957.07
458,Roobbie,Prydie,rprydiecp@cmu.edu,Female,$5944.64
459,Napoleon,Wickens,nwickenscq@amazonaws.com,Male,$4379.24
460,Floria,Robison,frobisoncr@acquirethisname.com,Female,$5482.04
461,Oates,Dufty,oduftycs@instagram.com,Male,$6699.01
462,Merwin,Coots,mcootsct@dagondesign.com,Male,$5801.65
463,Margeaux,Larrington,mlarringtoncu@blog.com,Female,$7696.51
464,Bren,McGurk,bmcgurkcv@shareasale.com,Male,$7224.91
465,Marnie,Fernao,mfernaocw@slate.com,Female,$2710.30
466,Lemmy,Hannond,lhannondcx@sciencedaily.com,Male,$5805.70
467,Farlie,Smail,fsmailcy@spotify.com,Male,$2934.17
468,Cole,Marnes,cmarnescz@go.com,Male,$3651.82
469,Tilly,Lyddiard,tlyddiardd0@free.fr,Female,$8381.97
470,Frederik,Edmonston,fedmonstond1@usnews.com,Male,$9523.57
471,Meredeth,Peirpoint,mpeirpointd2@blogtalkradio.com,Male,$8088.12
472,Armin,Wolfers,awolfersd3@forbes.com,Male,$7975.21
473,Cherrita,Mathwin,cmathwind4@netscape.com,Female,$2484.58
474,Mag,Cleft,mcleftd5@cdbaby.com,Female,$5236.32
475,Joellen,Lennon,jlennond6@sun.com,Female,$8303.14
476,Chad,Oslar,coslard7@craigslist.org,Female,$1720.91
477,Adams,Bispo,abispod8@chronoengine.com,Male,$4551.77
478,Irma,Goodchild,igoodchildd9@nsw.gov.au,Female,$4687.15
479,Torrence,MacCurtain,tmaccurtainda@blogtalkradio.com,Male,$2174.21
480,Maurizia,Shard,msharddb@gov.uk,Female,$4950.88
481,Roselin,Blint,rblintdc@liveinternet.ru,Female,$5532.48
482,Ivan,Flattman,iflattmandd@archive.org,Male,$4603.24
483,Floyd,Schrei,fschreide@icio.us,Male,$2622.51
484,Amalea,Coster,acosterdf@dedecms.com,Female,$9026.15
485,Katuscha,Matcham,kmatchamdg@pen.io,Female,$1383.43
486,Ashia,Mulhall,amulhalldh@europa.eu,Female,$4510.02
487,Neils,Perillo,nperillodi@forbes.com,Male,$1805.12
488,Teirtza,Stollman,tstollmandj@ycombinator.com,Female,$6249.15
489,Alaster,Sutor,asutordk@dion.ne.jp,Male,$6901.47
490,Ivonne,McDunlevy,imcdunlevydl@dyndns.org,Female,$9738.59
491,Lorine,Slaughter,lslaughterdm@usda.gov,Female,$5406.22
492,Cornie,Slessor,cslessordn@facebook.com,Female,$2134.03
493,Goldia,Paal,gpaaldo@ftc.gov,Female,$2753.92
494,Adria,Roxbee,aroxbeedp@themeforest.net,Female,$1873.82
495,Stanly,Metherell,smetherelldq@cocolog-nifty.com,Male,$4071.62
496,Rayshell,Fippe,rfippedr@ehow.com,Female,$2767.83
497,Job,O'Dowgaine,jodowgaineds@wix.com,Male,$2083.52
498,Hillel,Gramer,hgramerdt@yelp.com,Male,$1818.96
499,Shae,Greenhill,sgreenhilldu@dmoz.org,Female,$4224.10
500,Wren,Playhill,wplayhilldv@epa.gov,Female,$8687.74
501,Larina,Maywood,lmaywooddw@cloudflare.com,Female,$4625.62
502,Marisa,Langelay,mlangelaydx@prlog.org,Female,$1758.75
503,Celie,Pennoni,cpennonidy@hhs.gov,Female,$2110.70
504,Janene,Jenkison,jjenkisondz@baidu.com,Female,$9612.04
505,Kora,McCullogh,kmcculloghe0@youtu.be,Female,$4316.90
506,Basia,Disney,bdisneye1@xing.com,Female,$9622.23
507,Matthaeus,Rosenfelder,mrosenfeldere2@hugedomains.com,Male,$6440.92
508,Madelena,Cotelard,mcotelarde3@wunderground.com,Female,$1376.18
509,Sumner,Bleacher,sbleachere4@msn.com,Male,$8826.49
510,Marlon,Lamble,mlamblee5@china.com.cn,Male,$1528.53
511,Lonni,Binney,lbinneye6@bandcamp.com,Female,$8782.68
512,Timotheus,Tumbelty,ttumbeltye7@drupal.org,Male,$9402.02
513,Roseline,Bowles,rbowlese8@tiny.cc,Female,$6676.64
514,Leigh,Bishop,lbishope9@ustream.tv,Male,$1644.50
515,Jae,Guyet,jguyetea@usatoday.com,Male,$3621.43
516,Garvey,Flarity,gflarityeb@wikia.com,Male,$6583.11
517,Stephanie,Bleazard,sbleazardec@craigslist.org,Female,$2112.57
518,Mervin,Coyle,mcoyleed@answers.com,Male,$4228.54
519,Bonnibelle,Rames,bramesee@wikia.com,Female,$1290.75
520,Janis,Leteurtre,jleteurtreef@eventbrite.com,Female,$3300.52
521,Patrica,Winslow,pwinsloweg@bandcamp.com,Female,$1736.67
522,Odelia,Minucci,ominuccieh@wikispaces.com,Female,$7876.10
523,Simmonds,Wille,swilleei@opera.com,Male,$6213.37
524,Quinn,Rodge,qrodgeej@gizmodo.com,Female,$3277.26
525,Chery,Gready,cgreadyek@hibu.com,Female,$6372.83
526,Killian,Moreman,kmoremanel@weather.com,Male,$9238.31
527,Maegan,Cardenas,mcardenasem@slashdot.org,Female,$6553.81
528,Dierdre,Clogg,dcloggen@biblegateway.com,Female,$7369.59
529,Shadow,Godehard.sf,sgodehardsfeo@time.com,Male,$7126.71
530,Frederick,Manilow,fmanilowep@imageshack.us,Male,$9683.13
531,Doroteya,Hain,dhaineq@techcrunch.com,Female,$8384.62
532,Felicdad,Mitcham,fmitchamer@sina.com.cn,Female,$4934.25
533,Maiga,Greedyer,mgreedyeres@theatlantic.com,Female,$2393.71
534,Arliene,Klima,aklimaet@globo.com,Female,$3947.84
535,Son,McWard,smcwardeu@cyberchimps.com,Male,$6759.69
536,Thorstein,Urch,turchev@thetimes.co.uk,Male,$5070.03
537,Joni,D'Alesco,jdalescoew@reuters.com,Female,$9777.36
538,Averyl,Richings,arichingsex@wikimedia.org,Female,$1838.63
539,Will,Sigars,wsigarsey@ning.com,Male,$1481.98
540,Beulah,Shiliton,bshilitonez@ebay.com,Female,$2944.02
541,Herminia,Abrey,habreyf0@businessweek.com,Female,$3378.81
542,Marita,Prover,mproverf1@behance.net,Female,$3588.43
543,Zabrina,Gobel,zgobelf2@auda.org.au,Female,$2239.48
544,Dela,Worsalls,dworsallsf3@marketwatch.com,Female,$9677.28
545,Randy,Abbie,rabbief4@dion.ne.jp,Female,$8958.10
546,Clemmy,Besemer,cbesemerf5@flavors.me,Female,$2064.81
547,Bram,Girogetti,bgirogettif6@alibaba.com,Male,$5181.73
548,Carolynn,Caccavella,ccaccavellaf7@dmoz.org,Female,$9848.77
549,Helen-elizabeth,Prugel,hprugelf8@census.gov,Female,$2296.62
550,Constantia,Fibbens,cfibbensf9@topsy.com,Female,$8526.69
551,Demott,Pappi,dpappifa@weather.com,Male,$6787.44
552,Albie,Callacher,acallacherfb@arstechnica.com,Male,$4834.05
553,Damian,O'Moylane,domoylanefc@constantcontact.com,Male,$1685.31
554,Mikael,Beushaw,mbeushawfd@stanford.edu,Male,$2791.85
555,Bartel,Barhims,bbarhimsfe@shareasale.com,Male,$8871.29
556,Junina,Ewenson,jewensonff@360.cn,Female,$3572.54
557,Victoria,Bread,vbreadfg@blogspot.com,Female,$3110.64
558,Karoly,Dashper,kdashperfh@ebay.co.uk,Male,$1234.73
559,Bennie,Firth,bfirthfi@usa.gov,Male,$9217.13
560,Dennie,Boxhill,dboxhillfj@tinypic.com,Male,$1536.52
561,Bethina,Wynne,bwynnefk@zdnet.com,Female,$6973.94
562,Elfie,Rothon,erothonfl@gravatar.com,Female,$9115.92
563,Blane,Raulin,braulinfm@odnoklassniki.ru,Male,$3459.69
564,Jeniece,Phillip,jphillipfn@linkedin.com,Female,$3853.19
565,Germain,Sawdon,gsawdonfo@apache.org,Male,$7859.97
566,Gothart,Delicate,gdelicatefp@t.co,Male,$4726.03
567,Berti,Noblett,bnoblettfq@cdbaby.com,Female,$2973.34
568,Bentley,Chafney,bchafneyfr@rediff.com,Male,$1139.36
569,Inglebert,Stancer,istancerfs@amazonaws.com,Male,$7228.31
570,Iris,Culleton,iculletonft@netvibes.com,Female,$5382.24
571,Lemuel,McTrustram,lmctrustramfu@woothemes.com,Male,$5442.72
572,Darcie,Blooman,dbloomanfv@bbc.co.uk,Female,$8826.66
573,Jody,Amps,jampsfw@businesswire.com,Male,$2408.17
574,Freddie,Simants,fsimantsfx@shinystat.com,Male,$1912.61
575,Gordon,Balasini,gbalasinify@friendfeed.com,Male,$6366.40
576,Sayer,Yair,syairfz@ihg.com,Male,$6991.00
577,Dorice,Verecker,dvereckerg0@biglobe.ne.jp,Female,$2712.18
578,Frants,Riglar,friglarg1@home.pl,Male,$2147.52
579,Corina,Brobak,cbrobakg2@biblegateway.com,Female,$5401.14
580,Olvan,Lyte,olyteg3@sitemeter.com,Male,$3778.30
581,Benji,Wilber,bwilberg4@msu.edu,Male,$5777.45
582,Atlante,Polland,apollandg5@cam.ac.uk,Female,$1767.04
583,Frederico,Ghioni,fghionig6@illinois.edu,Male,$2122.91
584,Lyndsey,Smallwood,lsmallwoodg7@google.com.au,Female,$4141.92
585,Janna,Ferencz,jferenczg8@sbwire.com,Female,$9926.28
586,Isak,Corteney,icorteneyg9@ucoz.ru,Male,$5942.01
587,Rena,Filde,rfildega@nih.gov,Female,$8269.96
588,Agnella,Courcey,acourceygb@themeforest.net,Female,$2906.28
589,Jarrett,Donnelly,jdonnellygc@pagesperso-orange.fr,Male,$1957.77
590,Juliann,Gleader,jgleadergd@wikipedia.org,Female,$5710.37
591,Fayre,Musicka,fmusickage@washingtonpost.com,Female,$2353.56
592,Shayne,Gratten,sgrattengf@disqus.com,Male,$8286.79
593,Zelda,Thody,zthodygg@barnesandnoble.com,Female,$5946.75
594,Judye,Anespie,janespiegh@mediafire.com,Female,$7506.22
595,Auguste,Scrowton,ascrowtongi@reddit.com,Female,$3870.29
596,Ceciley,Feore,cfeoregj@sitemeter.com,Female,$9688.36
597,Brandy,Croster,bcrostergk@sogou.com,Female,$8076.59
598,Charla,Danilishin,cdanilishingl@edublogs.org,Female,$5270.37
599,Hershel,Quennell,hquennellgm@ftc.gov,Male,$9968.51
600,Roxy,Simnel,rsimnelgn@ftc.gov,Female,$5198.85
601,Judie,Wight,jwightgo@si.edu,Female,$9419.76
602,Evan,Antram,eantramgp@chronoengine.com,Male,$9865.02
603,Hannie,Brownstein,hbrownsteingq@vimeo.com,Female,$7622.67
604,Smith,Ilewicz,silewiczgr@mayoclinic.com,Male,$7126.75
605,Batholomew,Mapstone,bmapstonegs@technorati.com,Male,$9747.83
606,Donavon,Romeril,dromerilgt@istockphoto.com,Male,$8369.71
607,Janetta,Kepe,jkepegu@youtu.be,Female,$2965.47
608,Britteny,Farran,bfarrangv@google.com.au,Female,$5217.75
609,Everard,Rapinett,erapinettgw@google.nl,Male,$9225.18
610,Gigi,Waywell,gwaywellgx@woothemes.com,Female,$7438.63
611,Marcel,Posnett,mposnettgy@youtu.be,Male,$9501.07
612,Tabitha,Kirtland,tkirtlandgz@pbs.org,Female,$6032.10
613,Pavlov,Cham,pchamh0@pagesperso-orange.fr,Male,$6358.18
614,Farly,Greeve,fgreeveh1@npr.org,Male,$6616.49
615,Robby,Lehemann,rlehemannh2@unicef.org,Male,$7948.82
616,Sheba,Lanham,slanhamh3@google.com.br,Female,$1410.94
617,Hadlee,Outram,houtramh4@bizjournals.com,Male,$2892.08
618,Conant,Readings,creadingsh5@google.com,Male,$1478.47
619,Franklin,Priddy,fpriddyh6@desdev.cn,Male,$7894.09
620,Lockwood,Burdin,lburdinh7@ebay.co.uk,Male,$3678.19
621,Cairistiona,Staden,cstadenh8@intel.com,Female,$3641.08
622,Nathanial,Boome,nboomeh9@delicious.com,Male,$1820.06
623,Melonie,Castiglioni,mcastiglioniha@cnn.com,Female,$3613.23
624,Brandise,Harriman,bharrimanhb@yandex.ru,Female,$2770.79
625,Jojo,Moreing,jmoreinghc@oracle.com,Female,$8760.74
626,Ki,Larkkem,klarkkemhd@vkontakte.ru,Female,$5620.80
627,Lynn,Profit,lprofithe@com.com,Male,$8901.30
628,Joice,Spink,jspinkhf@nps.gov,Female,$6546.14
629,Emanuel,Glavis,eglavishg@youtu.be,Male,$5764.83
630,Sibeal,Edgars,sedgarshh@weather.com,Female,$4450.69
631,Joline,Madders,jmaddershi@cnn.com,Female,$4545.88
632,Sara,Ladbury,sladburyhj@google.ca,Female,$2946.32
633,Darbee,Kerne,dkernehk@hc360.com,Male,$5838.50
634,Melba,Deuss,mdeusshl@nbcnews.com,Female,$6250.40
635,Gilli,holmes,gholmeshm@seattletimes.com,Female,$3255.92
636,Dallas,Pickthorne,dpickthornehn@toplist.cz,Female,$2248.86
637,Sena,Crat,scratho@ed.gov,Female,$2478.91
638,Karon,Snead,ksneadhp@tmall.com,Female,$4954.75
639,Mitchael,Horrigan,mhorriganhq@springer.com,Male,$6031.53
640,Ed,Martinez,emartinezhr@exblog.jp,Male,$6769.59
641,Upton,Sweeny,usweenyhs@blogspot.com,Male,$6856.65
642,Keeley,McInility,kmcinilityht@exblog.jp,Female,$4873.98
643,Irita,Grantham,igranthamhu@usnews.com,Female,$6859.24
644,Katheryn,Strutz,kstrutzhv@accuweather.com,Female,$9479.82
645,Marlie,Darrel,mdarrelhw@illinois.edu,Female,$2268.30
646,Burg,Hodgin,bhodginhx@spiegel.de,Male,$5606.22
647,Pepillo,Sollett,psolletthy@sina.com.cn,Male,$4323.03
648,Gwenny,Vanichev,gvanichevhz@indiegogo.com,Female,$9560.04
649,Marty,Lea,mleai0@usnews.com,Male,$8602.42
650,Derk,Casacchia,dcasacchiai1@psu.edu,Male,$4322.22
651,Randi,Grime,rgrimei2@gmpg.org,Male,$7922.75
652,Ulrika,De Vere,udeverei3@umich.edu,Female,$5871.35
653,Christophorus,Twinn,ctwinni4@amazon.co.uk,Male,$8361.16
654,Celestyn,Caff,ccaffi5@rambler.ru,Female,$9984.46
655,Roi,Macoun,rmacouni6@google.de,Male,$7949.35
656,Nat,Glasspool,nglasspooli7@baidu.com,Male,$9038.35
657,Aloysius,Walters,awaltersi8@admin.ch,Male,$9312.63
658,Corey,Birckmann,cbirckmanni9@ask.com,Male,$7327.37
659,Margo,Tunnicliff,mtunnicliffia@sogou.com,Female,$2123.06
660,Adella,Minear,aminearib@salon.com,Female,$9734.12
661,Darleen,Meron,dmeronic@about.me,Female,$4524.42
662,Bjorn,Goldin,bgoldinid@narod.ru,Male,$9737.53
663,Cam,Outlaw,coutlawie@ebay.co.uk,Male,$2523.61
664,Aggy,Dollman,adollmanif@gizmodo.com,Female,$3751.52
665,Miguelita,Tomkiss,mtomkissig@imgur.com,Female,$6768.46
666,Horatius,Marmyon,hmarmyonih@archive.org,Male,$6608.70
667,Devin,Tiffney,dtiffneyii@zdnet.com,Male,$2644.40
668,Dame,Corkell,dcorkellij@sakura.ne.jp,Male,$7173.57
669,Morey,Folliss,mfollissik@naver.com,Male,$7250.39
670,Flory,Arnout,farnoutil@wired.com,Male,$2643.39
671,Howie,Challenor,hchallenorim@msn.com,Male,$2023.76
672,Ethe,Brownhall,ebrownhallin@wired.com,Male,$1171.22
673,Gabbie,Durward,gdurwardio@cyberchimps.com,Female,$1323.97
674,Xymenes,Lettuce,xlettuceip@apache.org,Male,$1716.16
675,Hyacinthia,Boake,hboakeiq@ucsd.edu,Female,$6883.57
676,Claus,Bauckham,cbauckhamir@wisc.edu,Male,$6567.01
677,Augy,Colbrun,acolbrunis@noaa.gov,Male,$4511.17
678,Toddie,Verbrugge,tverbruggeit@reference.com,Male,$8731.49
679,Ede,Brickwood,ebrickwoodiu@mlb.com,Female,$6147.41
680,Alejoa,Dyka,adykaiv@istockphoto.com,Male,$7456.60
681,Kristofer,Benstead,kbensteadiw@ucsd.edu,Male,$6486.42
682,Charlton,Zarfat,czarfatix@mayoclinic.com,Male,$5655.05
683,Christie,Miskin,cmiskiniy@tmall.com,Male,$6655.84
684,Johnnie,Dufour,jdufouriz@odnoklassniki.ru,Male,$9619.96
685,Hersch,Need,hneedj0@prweb.com,Male,$6318.54
686,Savina,Fitzsimons,sfitzsimonsj1@com.com,Female,$9775.60
687,Tildy,Sheavills,tsheavillsj2@ucla.edu,Female,$3527.13
688,Moshe,Emtage,memtagej3@blogger.com,Male,$8687.83
689,Michaelina,Ambrogini,mambroginij4@va.gov,Female,$8545.08
690,Cate,Beatty,cbeattyj5@wunderground.com,Female,$1356.75
691,Raimund,Mongeot,rmongeotj6@webmd.com,Male,$6398.57
692,Chelsea,Lankham,clankhamj7@issuu.com,Female,$5913.25
693,Lorine,Seamarke,lseamarkej8@typepad.com,Female,$7281.74
694,Rozella,Kincey,rkinceyj9@amazon.co.jp,Female,$3971.88
695,Bryn,Shoutt,bshouttja@weather.com,Male,$7168.47
696,Karlee,Geaveny,kgeavenyjb@live.com,Female,$9646.13
697,Cortie,Elphee,celpheejc@tiny.cc,Male,$7544.48
698,Lind,Stobbs,lstobbsjd@icq.com,Male,$8198.35
699,Sigismundo,Douthwaite,sdouthwaiteje@tinyurl.com,Male,$1772.56
700,Catlin,Mulqueen,cmulqueenjf@php.net,Female,$9766.85
701,Perceval,Pallas,ppallasjg@yolasite.com,Male,$8187.36
702,Leonanie,McDuff,lmcduffjh@globo.com,Female,$2236.44
703,Hobart,Minto,hmintoji@cdbaby.com,Male,$3388.17
704,Rutger,Flott,rflottjj@mediafire.com,Male,$4254.04
705,Kelbee,Heamus,kheamusjk@github.com,Male,$7626.66
706,Elyssa,Sotheron,esotheronjl@icq.com,Female,$5301.52
707,Lenka,Lauks,llauksjm@globo.com,Female,$4289.72
708,Ellene,Gunthorp,egunthorpjn@bravesites.com,Female,$8001.57
709,Ruth,Poizer,rpoizerjo@privacy.gov.au,Female,$4564.53
710,Sarette,Risman,srismanjp@bloomberg.com,Female,$1113.03
711,Lonnard,Jeste,ljestejq@ameblo.jp,Male,$3244.41
712,Kore,Sinfield,ksinfieldjr@arizona.edu,Female,$3423.26
713,Josephina,Gullick,jgullickjs@cbslocal.com,Female,$3879.54
714,Georgie,Purdon,gpurdonjt@biblegateway.com,Male,$2907.85
715,Sarena,Armes,sarmesju@imageshack.us,Female,$8548.93
716,Stephan,Gillings,sgillingsjv@blog.com,Male,$6260.04
717,Van,Marquot,vmarquotjw@themeforest.net,Male,$8100.03
718,Giacopo,Sacchetti,gsacchettijx@jigsy.com,Male,$9514.92
719,Antin,Brisset,abrissetjy@tinypic.com,Male,$6774.13
720,Pernell,Foden,pfodenjz@blogspot.com,Male,$1575.71
721,Kala,Lumsden,klumsdenk0@quantcast.com,Female,$7873.54
722,Timoteo,Powling,tpowlingk1@fda.gov,Male,$1906.22
723,Rudyard,Ewings,rewingsk2@jiathis.com,Male,$2710.43
724,Loise,Lalevee,llaleveek3@icio.us,Female,$7491.33
725,Grenville,Lamont,glamontk4@bravesites.com,Male,$2546.83
726,Brandy,Gudde,bguddek5@cdc.gov,Male,$4981.55
727,Palmer,Mollnar,pmollnark6@ning.com,Male,$2322.35
728,Terri,Cumbes,tcumbesk7@geocities.com,Female,$8857.71
729,Hymie,Hathway,hhathwayk8@narod.ru,Male,$3297.60
730,Dyane,Borley,dborleyk9@google.com.br,Female,$2936.07
731,Danny,Tander,dtanderka@goodreads.com,Female,$1674.17
732,Felipe,Braams,fbraamskb@nsw.gov.au,Male,$7615.16
733,Shirlee,Denkin,sdenkinkc@github.io,Female,$7233.68
734,Ive,Bordone,ibordonekd@usatoday.com,Male,$9519.90
735,Jo-anne,Bascomb,jbascombke@surveymonkey.com,Female,$2115.78
736,Enrique,Maryska,emaryskakf@cbsnews.com,Male,$1838.39
737,Shirley,Ullock,sullockkg@marketwatch.com,Female,$2238.64
738,Arleen,Ringer,aringerkh@aol.com,Female,$3659.03
739,Timmy,Stag,tstagki@etsy.com,Male,$9064.89
740,Kate,Domingues,kdomingueskj@cam.ac.uk,Female,$5156.02
741,Egbert,Antognoni,eantognonikk@ft.com,Male,$6770.02
742,Melloney,St. Pierre,mstpierrekl@edublogs.org,Female,$7588.98
743,Nikita,Ruggles,nruggleskm@dyndns.org,Male,$3625.46
744,Wood,Bagg,wbaggkn@yellowpages.com,Male,$7151.53
745,Maury,Smeath,msmeathko@scribd.com,Male,$6057.40
746,Alexandre,Ferrer,aferrerkp@furl.net,Male,$2290.26
747,Graig,Panks,gpankskq@usatoday.com,Male,$2329.92
748,Tressa,Bees,tbeeskr@sakura.ne.jp,Female,$9138.12
749,Alida,Attryde,aattrydeks@imageshack.us,Female,$6356.52
750,Glennis,Physick,gphysickkt@merriam-webster.com,Female,$7556.72
751,Stafford,Storry,sstorryku@surveymonkey.com,Male,$7341.50
752,Laurena,Wheal,lwhealkv@wikispaces.com,Female,$2333.13
753,Jackelyn,Young,jyoungkw@ameblo.jp,Female,$9705.00
754,Claudio,Gowrich,cgowrichkx@un.org,Male,$2663.44
755,Lowe,Rycraft,lrycraftky@businessinsider.com,Male,$9355.41
756,Preston,Tewnion,ptewnionkz@wunderground.com,Male,$2032.80
757,Averell,Lovatt,alovattl0@phpbb.com,Male,$5549.21
758,Kikelia,Dacey,kdaceyl1@wix.com,Female,$4011.36
759,Karna,Jendricke,kjendrickel2@tuttocitta.it,Female,$6506.82
760,Pippa,Stoile,pstoilel3@shareasale.com,Female,$3385.09
761,Auguste,Blazewicz,ablazewiczl4@woothemes.com,Female,$9054.33
762,Ryann,Eborall,reboralll5@ow.ly,Female,$2117.68
763,Griffin,Bergstrand,gbergstrandl6@go.com,Male,$9842.31
764,Archibaldo,Ballin,aballinl7@hibu.com,Male,$5225.65
765,Fransisco,Boulding,fbouldingl8@reference.com,Male,$3078.45
766,Daryle,Elsom,delsoml9@themeforest.net,Male,$5645.44
767,Caro,Garford,cgarfordla@technorati.com,Female,$5346.99
768,Claudius,Hopkynson,chopkynsonlb@shinystat.com,Male,$4102.14
769,Etty,Mitham,emithamlc@networkadvertising.org,Female,$4109.14
770,Cymbre,Caush,ccaushld@cyberchimps.com,Female,$6869.36
771,Ray,De La Salle,rdelasallele@sohu.com,Male,$7653.22
772,Tansy,Palia,tpalialf@mayoclinic.com,Female,$5375.66
773,Lorens,Dillingston,ldillingstonlg@biblegateway.com,Male,$1762.27
774,Leeland,Blackaller,lblackallerlh@jimdo.com,Male,$6189.42
775,Olivette,Blodgett,oblodgettli@patch.com,Female,$9100.27
776,Candide,Buesnel,cbuesnellj@thetimes.co.uk,Female,$1042.89
777,Marion,Kamen,mkamenlk@squarespace.com,Female,$8129.07
778,Elysha,Ciccone,ecicconell@usnews.com,Female,$3216.13
779,Bradney,Braz,bbrazlm@cbslocal.com,Male,$5781.54
780,Allie,Woolley,awoolleyln@ifeng.com,Male,$7053.53
781,Lian,Philpot,lphilpotlo@google.co.jp,Female,$5683.88
782,Ester,Pickett,epickettlp@geocities.jp,Female,$2410.97
783,Salomon,Wharin,swharinlq@ning.com,Male,$4709.31
784,Cass,Rime,crimelr@etsy.com,Female,$4115.49
785,Mead,Devenish,mdevenishls@a8.net,Male,$2463.06
786,Charmaine,Brislan,cbrislanlt@mozilla.org,Female,$7579.50
787,Cassandra,Furmston,cfurmstonlu@addthis.com,Female,$8539.34
788,Catlaina,Verrill,cverrilllv@reddit.com,Female,$2622.49
789,Harmon,Stopps,hstoppslw@omniture.com,Male,$2992.05
790,Cornie,Lundie,clundielx@usa.gov,Male,$6578.40
791,Shirline,Btham,sbthamly@apple.com,Female,$4284.49
792,Adelina,Briamo,abriamolz@odnoklassniki.ru,Female,$7243.94
793,Allistir,De Bischop,adebischopm0@nifty.com,Male,$7369.39
794,Bendicty,Gremain,bgremainm1@prnewswire.com,Male,$2745.97
795,Cristian,Whitman,cwhitmanm2@buzzfeed.com,Male,$8079.91
796,Odette,Jaime,ojaimem3@seattletimes.com,Female,$9308.55
797,Gregorius,Syphas,gsyphasm4@marriott.com,Male,$5184.50
798,Forbes,Hanne,fhannem5@ameblo.jp,Male,$4959.37
799,Chic,Manthorpe,cmanthorpem6@hexun.com,Male,$5317.94
800,Staffard,Speck,sspeckm7@paypal.com,Male,$9975.33
801,Dareen,Darlington,ddarlingtonm8@wordpress.com,Female,$5021.88
802,Nevin,Nani,nnanim9@amazon.de,Male,$3174.09
803,Lorelei,Knellen,lknellenma@studiopress.com,Female,$2024.09
804,Roda,Pietersen,rpietersenmb@canalblog.com,Female,$3339.68
805,Sammie,Reddick,sreddickmc@linkedin.com,Male,$8159.88
806,Tuckie,Philp,tphilpmd@java.com,Male,$1456.57
807,Butch,Hamlington,bhamlingtonme@cbslocal.com,Male,$7859.57
808,Joelynn,Ellerman,jellermanmf@examiner.com,Female,$5576.61
809,Kendall,Cushelly,kcushellymg@usgs.gov,Male,$4625.89
810,Astra,Simkovitz,asimkovitzmh@jimdo.com,Female,$5788.28
811,Lovell,Laweles,llawelesmi@live.com,Male,$4706.37
812,Rik,Grady,rgradymj@imageshack.us,Male,$3248.09
813,Verney,Bigglestone,vbigglestonemk@spiegel.de,Male,$8272.61
814,Candra,Kelberer,ckelbererml@bravesites.com,Female,$5505.91
815,Emilio,Flippen,eflippenmm@boston.com,Male,$2220.70
816,Ronald,Linkleter,rlinkletermn@wisc.edu,Male,$2816.73
817,Corine,Juszczyk,cjuszczykmo@economist.com,Female,$2839.68
818,Alvera,Rope,aropemp@dion.ne.jp,Female,$7941.04
819,Elmore,Ganing,eganingmq@squarespace.com,Male,$5409.26
820,Tailor,Fiddymont,tfiddymontmr@huffingtonpost.com,Male,$3741.75
821,Milty,Northcott,mnorthcottms@amazon.co.jp,Male,$8770.08
822,Hubey,Birchall,hbirchallmt@miitbeian.gov.cn,Male,$6680.36
823,Karen,Pauler,kpaulermu@jugem.jp,Female,$1524.94
824,Conn,Barten,cbartenmv@nature.com,Male,$1871.00
825,Ronny,Kenzie,rkenziemw@umich.edu,Male,$5491.54
826,Lorne,Foat,lfoatmx@jiathis.com,Male,$1381.90
827,Gunilla,Boome,gboomemy@vkontakte.ru,Female,$2227.08
828,Ewart,Meran,emeranmz@theatlantic.com,Male,$7270.87
829,Diandra,Linne,dlinnen0@uol.com.br,Female,$4792.18
830,Rory,Barbera,rbarberan1@goo.gl,Female,$5509.68
831,Lorinda,Dyment,ldymentn2@smugmug.com,Female,$9258.77
832,Johann,Lanegran,jlanegrann3@i2i.jp,Male,$6952.27
833,Quentin,Sloane,qsloanen4@barnesandnoble.com,Male,$8877.27
834,Meyer,Sandbach,msandbachn5@wikipedia.org,Male,$5417.37
835,Karleen,Habbijam,khabbijamn6@eepurl.com,Female,$1769.23
836,Alvera,Yannikov,ayannikovn7@webeden.co.uk,Female,$3130.93
837,Angelique,Tyhurst,atyhurstn8@boston.com,Female,$9632.95
838,Josepha,German,jgermann9@sohu.com,Female,$7972.38
839,Milty,Mossbee,mmossbeena@goodreads.com,Male,$6552.26
840,Oby,Piddocke,opiddockenb@yolasite.com,Male,$3061.70
841,Pierce,Marsy,pmarsync@marriott.com,Male,$4990.01
842,Ofella,Samways,osamwaysnd@sitemeter.com,Female,$7374.92
843,Aarika,Malin,amalinne@oakley.com,Female,$2758.78
844,Lenore,Halms,lhalmsnf@senate.gov,Female,$2620.50
845,Tades,Narraway,tnarrawayng@marketwatch.com,Male,$5313.15
846,Valentino,Joy,vjoynh@washington.edu,Male,$3042.57
847,Arie,Blodget,ablodgetni@techcrunch.com,Male,$3681.47
848,Letisha,Dallin,ldallinnj@cbslocal.com,Female,$3741.45
849,Ashton,Fanshaw,afanshawnk@harvard.edu,Male,$2912.73
850,Bernette,Leathers,bleathersnl@slashdot.org,Female,$5031.76
851,Michaela,Edgeler,medgelernm@state.tx.us,Female,$7269.59
852,Maggee,Bruck,mbrucknn@ifeng.com,Female,$5048.12
853,Lilli,Tomasoni,ltomasonino@bravesites.com,Female,$4784.59
854,Rudolfo,Veazey,rveazeynp@imdb.com,Male,$6465.41
855,Dorothy,Grinval,dgrinvalnq@prweb.com,Female,$1353.32
856,Karim,Brazer,kbrazernr@statcounter.com,Male,$8057.57
857,Trudi,Huggard,thuggardns@msu.edu,Female,$4948.11
858,Herc,Cowans,hcowansnt@wired.com,Male,$8981.55
859,Pavlov,Lemoir,plemoirnu@hatena.ne.jp,Male,$2395.26
860,Werner,Luce,wlucenv@infoseek.co.jp,Male,$4726.74
861,Billie,Laffranconi,blaffranconinw@go.com,Female,$5535.94
862,Jaquenetta,Hedley,jhedleynx@earthlink.net,Female,$1047.38
863,Leland,Esparza,lesparzany@about.me,Female,$5366.91
864,Base,Hackett,bhackettnz@state.tx.us,Male,$1052.28
865,Susy,Seabrook,sseabrooko0@sina.com.cn,Female,$7214.41
866,Tann,Corkitt,tcorkitto1@naver.com,Male,$6402.59
867,Georgie,Gayne,ggayneo2@mayoclinic.com,Male,$3946.73
868,Martie,Theobalds,mtheobaldso3@tripadvisor.com,Male,$3267.48
869,Melvyn,Fellows,mfellowso4@photobucket.com,Male,$5201.69
870,Quill,Yanukhin,qyanukhino5@cpanel.net,Male,$9568.70
871,Salmon,Solano,ssolanoo6@state.gov,Male,$3834.55
872,Kacy,Goulborn,kgoulborno7@wikia.com,Female,$4326.95
873,Kizzie,Wortley,kwortleyo8@typepad.com,Female,$6969.75
874,Valencia,Eddoes,veddoeso9@ucoz.com,Female,$8086.69
875,Purcell,Stitcher,pstitcheroa@photobucket.com,Male,$4084.42
876,Sylvia,Wilshere,swilshereob@redcross.org,Female,$5880.67
877,Maudie,Mersey,mmerseyoc@netlog.com,Female,$3155.02
878,Lizette,Brastead,lbrasteadod@paginegialle.it,Female,$4674.79
879,Mead,Tidbury,mtidburyoe@constantcontact.com,Male,$7356.09
880,Bearnard,Culcheth,bculchethof@economist.com,Male,$9251.63
881,Evangelina,Seviour,eseviourog@bbb.org,Female,$7913.66
882,Hollie,Brydell,hbrydelloh@howstuffworks.com,Female,$6362.68
883,Winnie,Nutty,wnuttyoi@slideshare.net,Female,$4558.83
884,Alleen,Fielden,afieldenoj@gnu.org,Female,$5191.26
885,Ethel,Meckiff,emeckiffok@ca.gov,Female,$1156.73
886,Decca,Checklin,dchecklinol@drupal.org,Male,$9260.32
887,Nikolos,Asser,nasserom@wsj.com,Male,$9562.67
888,Celene,Plastow,cplastowon@stumbleupon.com,Female,$4716.39
889,Lemmy,Featherstonehaugh,lfeatherstonehaughoo@state.tx.us,Male,$4097.88
890,Candice,Obey,cobeyop@posterous.com,Female,$3114.68
891,Caryl,Beverley,cbeverleyoq@upenn.edu,Male,$2862.39
892,Pearce,Caswill,pcaswillor@hubpages.com,Male,$1264.16
893,Bell,Jecock,bjecockos@cargocollective.com,Female,$4938.46
894,Johnny,Gerwood,jgerwoodot@prlog.org,Male,$6514.79
895,Seline,Airs,sairsou@indiatimes.com,Female,$9626.55
896,Yul,Peron,yperonov@china.com.cn,Male,$6076.82
897,Drusilla,Hapgood,dhapgoodow@cnbc.com,Female,$9000.06
898,Jeane,Lefridge,jlefridgeox@usa.gov,Female,$1942.13
899,Miles,Izzat,mizzatoy@nba.com,Male,$6542.29
900,Gerianna,Leggs,gleggsoz@bloglines.com,Female,$8210.41
901,Pammy,Sandlin,psandlinp0@constantcontact.com,Female,$5595.55
902,Isabella,Littrell,ilittrellp1@google.de,Female,$8455.62
903,Clive,Mioni,cmionip2@reference.com,Male,$5147.05
904,Franni,Laxtonne,flaxtonnep3@narod.ru,Female,$3521.22
905,Bearnard,Crosgrove,bcrosgrovep4@ning.com,Male,$4286.00
906,Conney,Sharpus,csharpusp5@e-recht24.de,Male,$9756.47
907,Clarette,Phidgin,cphidginp6@exblog.jp,Female,$3058.69
908,Ase,Molloy,amolloyp7@wufoo.com,Male,$9138.77
909,Merridie,Devenny,mdevennyp8@blog.com,Female,$5233.88
910,Cami,Stangroom,cstangroomp9@mashable.com,Female,$3491.86
911,Grata,Puttick,gputtickpa@ibm.com,Female,$2253.88
912,Randi,Kaveney,rkaveneypb@de.vu,Male,$2650.55
913,Tonia,Poag,tpoagpc@google.nl,Female,$4924.89
914,Clement,Hagstone,chagstonepd@exblog.jp,Male,$5695.57
915,Torrin,Dallon,tdallonpe@yandex.ru,Male,$9048.22
916,Leigha,Pogg,lpoggpf@apache.org,Female,$4607.53
917,Brennen,Cabena,bcabenapg@printfriendly.com,Male,$8040.42
918,Ody,Joney,ojoneyph@google.co.uk,Male,$1710.82
919,Adina,Riolfi,ariolfipi@biblegateway.com,Female,$9213.83
920,Corine,Ivanovic,civanovicpj@princeton.edu,Female,$6876.89
921,Gradeigh,Oglethorpe,goglethorpepk@rambler.ru,Male,$4249.39
922,Derick,Regan,dreganpl@weather.com,Male,$6750.34
923,Kilian,Fairbanks,kfairbankspm@stanford.edu,Male,$8538.22
924,Nevins,Wootton,nwoottonpn@imgur.com,Male,$2418.16
925,Trey,Helian,thelianpo@mozilla.com,Male,$7472.76
926,Adams,Blaymires,ablaymirespp@cbslocal.com,Male,$7708.37
927,Sanderson,Dinsell,sdinsellpq@typepad.com,Male,$1449.85
928,Fanchon,Hansed,fhansedpr@mapy.cz,Female,$2107.94
929,Barnie,Gately,bgatelyps@google.pl,Male,$6424.94
930,Bernadene,Brazil,bbrazilpt@creativecommons.org,Female,$3337.20
931,Blaire,Busch,bbuschpu@booking.com,Female,$8569.70
932,Pacorro,Ecclestone,pecclestonepv@biglobe.ne.jp,Male,$2102.04
933,Merna,Alliberton,mallibertonpw@seattletimes.com,Female,$5727.78
934,Kris,Sansome,ksansomepx@japanpost.jp,Male,$7485.72
935,Bartlet,Vaisey,bvaiseypy@newyorker.com,Male,$8469.90
936,Estrellita,Heddon,eheddonpz@dedecms.com,Female,$9378.69
937,Elaine,Maymond,emaymondq0@1688.com,Female,$3285.56
938,Irena,Battams,ibattamsq1@baidu.com,Female,$1638.63
939,Maren,Johansson,mjohanssonq2@hc360.com,Female,$8587.34
940,Kial,Huggons,khuggonsq3@macromedia.com,Female,$6068.00
941,Nadeen,Baythorp,nbaythorpq4@cnbc.com,Female,$8436.96
942,Christine,Ninnotti,cninnottiq5@behance.net,Female,$1333.06
943,Tobit,Garrique,tgarriqueq6@spotify.com,Male,$7481.73
944,Valli,Exon,vexonq7@archive.org,Female,$6104.66
945,Amalee,Chapier,achapierq8@ask.com,Female,$7691.12
946,Clayson,Dubock,cdubockq9@theguardian.com,Male,$6327.96
947,Ricki,Bathow,rbathowqa@meetup.com,Male,$3153.61
948,Guenevere,Newlands,gnewlandsqb@wikipedia.org,Female,$1736.97
949,Henryetta,Osgordby,hosgordbyqc@netscape.com,Female,$6920.63
950,Alden,Crummy,acrummyqd@merriam-webster.com,Male,$3214.77
951,Jamil,Brammall,jbrammallqe@mashable.com,Male,$7589.38
952,Demetri,Balint,dbalintqf@multiply.com,Male,$9210.53
953,Sidonia,Ties,stiesqg@ucoz.com,Female,$5829.38
954,Osborne,Gook,ogookqh@dot.gov,Male,$1287.00
955,Darcie,Worster,dworsterqi@sciencedirect.com,Female,$9534.60
956,Kristy,Ashbey,kashbeyqj@salon.com,Female,$6511.95
957,Rafaelita,Aidler,raidlerqk@jimdo.com,Female,$6761.27
958,Olenolin,Matic,omaticql@baidu.com,Male,$4817.51
959,Enrica,Fieldsend,efieldsendqm@oracle.com,Female,$7778.99
960,Witty,Ramshay,wramshayqn@constantcontact.com,Male,$7616.72
961,Inesita,De Caville,idecavilleqo@msu.edu,Female,$7853.47
962,Heida,Schuchmacher,hschuchmacherqp@cyberchimps.com,Female,$8834.59
963,Ray,Seth,rsethqq@eepurl.com,Female,$2976.67
964,Daphne,Cusack,dcusackqr@engadget.com,Female,$5430.73
965,Otis,Pattisson,opattissonqs@woothemes.com,Male,$6254.17
966,Denyse,Natt,dnattqt@jiathis.com,Female,$6283.03
967,Cyndie,Calverley,ccalverleyqu@berkeley.edu,Female,$7792.54
968,Camille,Hovenden,chovendenqv@baidu.com,Female,$6296.42
969,Vicky,Swaysland,vswayslandqw@hibu.com,Female,$7554.10
970,Shayla,Semon,ssemonqx@yahoo.co.jp,Female,$8776.42
971,Marcy,Filliskirk,mfilliskirkqy@marriott.com,Female,$8604.66
972,Boonie,Saich,bsaichqz@google.ca,Male,$5422.57
973,Kania,Screase,kscreaser0@about.me,Female,$4368.19
974,Crosby,Milius,cmiliusr1@altervista.org,Male,$3072.18
975,Otha,Wey,oweyr2@discuz.net,Female,$2170.04
976,Katie,Salasar,ksalasarr3@infoseek.co.jp,Female,$9389.16
977,Nikos,Bowdidge,nbowdidger4@bloglines.com,Male,$2068.71
978,Adham,Wanne,awanner5@uol.com.br,Male,$8048.16
979,Allsun,Thebeaud,athebeaudr6@bigcartel.com,Female,$8785.28
980,Sloane,Knowlys,sknowlysr7@yellowpages.com,Male,$7586.86
981,Gizela,Barry,gbarryr8@scribd.com,Female,$7975.36
982,Joane,Bill,jbillr9@google.com.au,Female,$8943.34
983,Ingra,Nester,inesterra@myspace.com,Male,$8501.71
984,Kasey,Pretley,kpretleyrb@wunderground.com,Female,$1975.82
985,Chelsy,Bellin,cbellinrc@moonfruit.com,Female,$6823.47
986,Rudolf,Wigelsworth,rwigelsworthrd@constantcontact.com,Male,$2129.67
987,Ida,Cunradi,icunradire@google.de,Female,$7439.54
988,Jada,Orgen,jorgenrf@omniture.com,Female,$8828.16
989,Donalt,Dalzell,ddalzellrg@opera.com,Male,$2201.23
990,Francene,Paffett,fpaffettrh@etsy.com,Female,$5411.28
991,Bria,Mussolini,bmussoliniri@vimeo.com,Female,$8662.48
992,Maritsa,Foystone,mfoystonerj@yahoo.com,Female,$9008.60
993,Kristin,Farry,kfarryrk@hp.com,Female,$5634.21
994,Carver,Duckworth,cduckworthrl@jiathis.com,Male,$9612.93
995,Sheela,Warfield,swarfieldrm@google.it,Female,$9977.14
996,Jarid,Martyns,jmartynsrn@foxnews.com,Male,$3803.44
997,Mathew,Bletsor,mbletsorro@deliciousdays.com,Male,$2603.47
998,Merla,Assante,massanterp@ucsd.edu,Female,$1756.77
999,Tomas,Selesnick,tselesnickrq@wix.com,Male,$7907.15
1000,Darcy,Spilsbury,dspilsburyrr@oracle.com,Female,$5495.04
